{
  "train": [
    8.307652004801433,
    7.118880263315837,
    6.496444919535319,
    5.987542250518799,
    5.564265633366903,
    5.212675013173421,
    4.879717956720988,
    4.600577167510986,
    4.375088369216919,
    4.189946412760417,
    4.0398796741994225,
    3.91381438293457,
    3.810726844736735,
    3.7105947174072265,
    3.6062944089508058,
    3.5009949699910483,
    3.402929775441488,
    3.314283197555542,
    3.239925213953654,
    3.1542371488189698,
    3.0898224763997395,
    3.0279841530100504,
    2.9709892352167766,
    2.9162083116149904,
    2.869846432062785,
    2.8194073515446982
  ],
  "val": [
    7.806877566165611,
    7.245906947089023,
    6.662141416893631,
    6.176058667605041,
    5.842511622632136,
    5.47620298041672,
    5.24313672644193,
    4.899250014883573,
    4.621182629319488,
    4.493496417999268,
    4.397693368255115,
    4.33346529085128,
    4.287625457419724,
    4.200329295924453,
    4.149264097213745,
    4.123008907818403,
    4.076387940860186,
    4.047336011636452,
    4.059790021083394,
    4.049228031127179,
    4.033395391995789,
    4.093701515041414,
    4.0839203811082685,
    4.06126064159831,
    4.159645139193926,
    4.098305678758465
  ],
  "ppl": [
    2457.4452331198577,
    1402.353179528745,
    782.2242130411385,
    481.09207100795277,
    344.64386986852634,
    238.93773152101332,
    189.26283804346124,
    134.1891021069451,
    101.61413295107364,
    89.43359709371056,
    81.26320802086131,
    76.20791211643453,
    72.79341205950517,
    66.70829419394356,
    63.387336212781776,
    61.74474729358301,
    58.93221828542084,
    57.244754377154386,
    57.9621389739154,
    57.353165093431784,
    56.45226376942653,
    59.961429571790475,
    59.377797741899414,
    58.047441993390166,
    64.0487901614447,
    60.23813832764106
  ],
  "lr": [
    3.6131492796845746e-05,
    7.226298559369149e-05,
    0.00010839447839053723,
    0.00014452597118738299,
    0.00018065746398422873,
    0.00021678895678107446,
    0.0002529204495779202,
    0.00028905194237476597,
    0.0003251834351716117,
    0.00036131492796845745,
    0.0003974464207653032,
    0.00043357791356214893,
    0.0004697094063589947,
    0.0004883408655609328,
    0.0004717820975602483,
    0.00045680105172241103,
    0.000443162114386997,
    0.00043067616176808494,
    0.00041918939405496557,
    0.0004085752815378834,
    0.0003987286470577879,
    0.00038956124583685713,
    0.00038099841456221617,
    0.00037297649689553797,
    0.0003654408413779289,
    0.0003583442271634279
  ],
  "acc": [
    9.414400538948716,
    12.237808951100366,
    15.452992012266254,
    19.69782446251541,
    22.837327176430186,
    26.35646245030106,
    28.353616546411985,
    32.67116395176434,
    36.080445764494726,
    37.97381334617489,
    39.176113830238094,
    39.94929257963524,
    41.05214696438586,
    42.23864923735134,
    43.08825433254242,
    43.51952774602859,
    44.68273652381584,
    45.321752790544856,
    45.380071538393615,
    45.1513331444537,
    45.74612139678392,
    45.11298146404204,
    45.48540432922176,
    46.24850710884469,
    44.648452762697566,
    46.16830041174029
  ]
}