{
  "train": [
    7.901997208595276,
    7.087513145647551,
    6.438443654461911,
    5.63699840244494,
    5.2378848100963395,
    5.081645589125784,
    4.9622214028709815,
    4.848386877461484,
    4.7245355656272485,
    4.593318713338752,
    4.46400333078284,
    4.324872769807515,
    4.187752221759997,
    4.037240668347008,
    3.8840299813370955,
    3.735240333958676,
    3.5902237860780013,
    3.4414578111548173,
    3.304060609717118,
    3.163419290592796,
    3.0241200359244096,
    2.89579345050611,
    2.765030475039231,
    2.6433864800553573,
    2.524626800888463,
    2.4219311820833305,
    2.315473584752334,
    2.223743680276369,
    2.1383877082874903,
    2.0605818535152234
  ],
  "val": [
    7.156869941287571,
    6.566363758511013,
    5.620123386383057,
    4.995141082339817,
    4.78189139895969,
    4.67634916305542,
    4.58290073606703,
    4.477789243062337,
    4.382589287228054,
    4.344312826792399,
    4.15867296854655,
    4.078385088178846,
    4.004946947097778,
    3.8798022270202637,
    3.7876422140333386,
    3.783118804295858,
    3.6317304770151773,
    3.5985348489549427,
    3.527840773264567,
    3.4767490492926703,
    3.43328415022956,
    3.376458750830756,
    3.3390497896406384,
    3.301231278313531,
    3.2659383879767523,
    3.2568958600362143,
    3.2735539277394614,
    3.2526716656155057,
    3.214735269546509,
    3.2551183965471058
  ],
  "ppl": [
    1282.8891236613122,
    710.7805685790584,
    275.9234263280873,
    147.69378089786213,
    119.32983706431898,
    107.37733894836295,
    97.79766838056221,
    88.03982272319334,
    80.04502486982499,
    77.03908009415902,
    63.98655406460475,
    59.05003221387859,
    54.86891336675556,
    48.41463901701274,
    44.15217607394138,
    43.95290871448587,
    37.778134278571486,
    36.54465176517963,
    34.050365721745045,
    32.35436846191181,
    30.978212977703613,
    29.26694583856962,
    28.19232533436778,
    27.146042685428927,
    26.20468962254943,
    25.968801106043706,
    26.40501430043869,
    25.8593352066938,
    24.896700123966177,
    25.922683508536583
  ],
  "lr": [
    1.8776023607249752e-05,
    3.7552047214499504e-05,
    5.632807082174926e-05,
    7.510409442899901e-05,
    9.388011803624877e-05,
    0.00011265614164349853,
    0.00013143216525074826,
    0.00015020818885799802,
    0.00016898421246524777,
    0.00018776023607249755,
    0.0002065362596797473,
    0.00022531228328699705,
    0.0002440883068942468,
    0.00026286433050149653,
    0.0002816403541087463,
    0.00030041637771599603,
    0.0003191924013232458,
    0.00033796842493049554,
    0.00035674444853774534,
    0.0003755204721449951,
    0.00039429649575224485,
    0.0004130725193594946,
    0.00043184854296674435,
    0.0004506245665739941,
    0.00046940059018124385,
    0.0004881766137884936,
    0.0005069526373957434,
    0.0005257286610029931,
    0.0005445046846102429,
    0.0005632807082174926
  ]
}